method,source,model,n_poses,n_targets,pcc,pcc_ci_low,pcc_ci_high,rmse,rmse_ci_low,rmse_ci_high,n_boot_pcc,n_boot_rmse
mean,gnina-crystal,dynaformer,1,283,0.7202755241965828,0.66306344705816,0.7722104058985227,1.5043334401078132,1.3906972432690519,1.616213690688436,20000,20000
mean,gnina-crystal,dynaformer,2,283,0.7276525832805676,0.6701555314211892,0.7787228285588502,1.4941695902177388,1.3794486664348886,1.6096530174967945,20000,20000
mean,gnina-crystal,dynaformer,3,283,0.7367928926517812,0.6814185844527572,0.7856612545674676,1.4819460619521003,1.3711250745605046,1.5919134612525967,20000,20000
mean,gnina-crystal,dynaformer,5,283,0.7328398084861535,0.6757403731159186,0.7832105265719314,1.4941169986259277,1.3757857688891877,1.6110043566507206,20000,20000
mean,gnina-crystal,dynaformer,10,283,0.7031084143461067,0.6415263489261805,0.7583824107563095,1.5610790908623793,1.4366687360050496,1.6835512500533434,20000,20000
mean,gnina-crystal,dynaformer,20,283,0.679960680946298,0.6141634621907565,0.7388896516882479,1.6192943625538812,1.4846544379150364,1.7530979201087094,20000,20000
mean,gnina-crystal,dynaformer,30,283,0.6627501788662187,0.5932349964913914,0.7246969445546877,1.6604452809900312,1.5226801893157287,1.7976042221791964,20000,20000
mean,gnina-crystal,dynaformer,50,283,0.6482181599053802,0.5761552713450927,0.7133140521974828,1.6963192842731059,1.5556013584499353,1.8367569130244772,20000,20000
mean,gnina-crystal,dynaformer,100,283,0.6259927701829103,0.5510025723291008,0.6940121094729863,1.7492824222713939,1.6064143406366516,1.891375332681247,20000,20000
mean,gnina-crystal,egna,1,283,0.8202880425710031,0.7819239186507964,0.8538284775587417,1.371427514512465,1.2571764524014482,1.4840489840032458,20000,20000
mean,gnina-crystal,egna,2,283,0.809376446504071,0.7670764179281571,0.8463447359529088,1.405050173267593,1.2838788264431864,1.525104470576303,20000,20000
mean,gnina-crystal,egna,3,283,0.8085008335008254,0.7655478995612816,0.8460219691063195,1.4096671641012808,1.2890843213470278,1.5281561022424142,20000,20000
mean,gnina-crystal,egna,5,283,0.7989313650096473,0.7538462852326896,0.8389338697190944,1.4356349637755283,1.314124258218217,1.5550072542948463,20000,20000
mean,gnina-crystal,egna,10,283,0.774931240247973,0.723451282784473,0.8205195378821465,1.5069486217793047,1.3835385990454374,1.6286428956460286,20000,20000
mean,gnina-crystal,egna,20,283,0.7715576115699935,0.7200034894852022,0.8169038851285546,1.5440026102777151,1.4183087866558874,1.666365066336225,20000,20000
mean,gnina-crystal,egna,30,283,0.7670499027996012,0.714965623972423,0.812590182987989,1.5669284531314942,1.4394151652028335,1.6905906531819972,20000,20000
mean,gnina-crystal,egna,50,283,0.7660672741495265,0.7130933416080293,0.8123717671882162,1.5860336727261075,1.457562071842091,1.7109240654227433,20000,20000
mean,gnina-crystal,egna,100,283,0.7562082903885243,0.7021955704597858,0.8040220187685084,1.6179329191770957,1.4889201444010345,1.7440186299761509,20000,20000
mean,gnina-crystal,ehign_pla,1,282,0.8240761949935167,0.7847629017361702,0.8588855798610325,1.2645497745553376,1.1546842176424648,1.3740271774188202,20000,20000
mean,gnina-crystal,ehign_pla,2,282,0.8268720772933821,0.7874202177682119,0.8612364446873154,1.2775690293687998,1.1716050046499142,1.3793273639708659,20000,20000
mean,gnina-crystal,ehign_pla,3,282,0.8258313175237885,0.7858755140531614,0.8606427529500754,1.3002040082897144,1.196308890273359,1.4010464069392654,20000,20000
mean,gnina-crystal,ehign_pla,5,282,0.8170548845054166,0.7752897328214475,0.8535119159002373,1.3621356822386017,1.247099011293186,1.4744601568691196,20000,20000
mean,gnina-crystal,ehign_pla,10,282,0.7937105900608252,0.7463058963448415,0.8346935903056742,1.4846327105395973,1.3549110297975624,1.6161130665510695,20000,20000
mean,gnina-crystal,ehign_pla,20,282,0.7588713077031006,0.7044336027059814,0.8066038351103849,1.6409633994296762,1.495789055041473,1.7893265932431723,20000,20000
mean,gnina-crystal,ehign_pla,30,282,0.7404566992106454,0.6829457420848528,0.7909063500903951,1.7332486645363379,1.5830844152327674,1.8859978552254486,20000,20000
mean,gnina-crystal,ehign_pla,50,282,0.7265049272404728,0.6659399635778417,0.7799809736376458,1.8247351309337043,1.669137268737216,1.9825510591930755,20000,20000
mean,gnina-crystal,ehign_pla,100,283,0.6989806501225653,0.634913202629458,0.7559284314124414,1.9715190187295815,1.808866138941223,2.131841539036635,20000,20000
mean,gnina-crystal,gign,1,282,0.8200573347789085,0.7771662513980776,0.8573558951077843,1.2540648574930744,1.1459900023526448,1.3616005169045937,20000,20000
mean,gnina-crystal,gign,2,282,0.8190222516302059,0.7777956871009007,0.8551529821464783,1.2903411095010848,1.1821908906047418,1.3976921522902592,20000,20000
mean,gnina-crystal,gign,3,282,0.8280724899827943,0.7910767844568263,0.8611238014791139,1.2958739905762695,1.1873465253442392,1.404246966643394,20000,20000
mean,gnina-crystal,gign,5,282,0.8105270564624568,0.7705028909073846,0.8461860192371977,1.3762967573287284,1.2577999063810301,1.4961070485241088,20000,20000
mean,gnina-crystal,gign,10,282,0.7770946032126438,0.7291804463213282,0.8199299662347631,1.5158812727088116,1.3837589604369274,1.6491208184823305,20000,20000
mean,gnina-crystal,gign,20,282,0.7440759233742094,0.6903773639181648,0.792343819819627,1.6757962016287973,1.5314697295338409,1.8215190404195452,20000,20000
mean,gnina-crystal,gign,30,282,0.7247280619682698,0.6683269374920984,0.7755263455785714,1.7643779621880205,1.6150850521524462,1.9136286506433509,20000,20000
mean,gnina-crystal,gign,50,282,0.7093591760561018,0.648828032208088,0.7640133867243382,1.847280312069703,1.693951932000259,2.0008367112193457,20000,20000
mean,gnina-crystal,gign,100,283,0.678066673481051,0.614024170561549,0.7363557132344313,1.985689104011099,1.823547720845427,2.143165840524033,20000,20000
mean,gnina-crystal,onionnet-2,1,284,0.7735017098207811,0.7176002682288652,0.8190560764446327,1.4465629277023577,1.3199211363109047,1.575938498217943,20000,20000
mean,gnina-crystal,onionnet-2,2,284,0.7689056012027274,0.7140828158907933,0.8142808966681693,1.4740555289624568,1.3419285747491383,1.608800392723445,20000,20000
mean,gnina-crystal,onionnet-2,3,284,0.7651556034707025,0.7101505436769844,0.8108422136274708,1.4918243025934033,1.3588621692746854,1.6272995276602595,20000,20000
mean,gnina-crystal,onionnet-2,5,284,0.7474048079119321,0.6900159795383626,0.7968088134911244,1.5458600910109173,1.4062900655782387,1.6880992912294865,20000,20000
mean,gnina-crystal,onionnet-2,10,284,0.7151966172904219,0.6537629794571027,0.768486280707241,1.6438430430540452,1.4968924973799025,1.7920652720154902,20000,20000
mean,gnina-crystal,onionnet-2,20,284,0.6933186075048066,0.6276330551237524,0.7507574836310384,1.7268958253850226,1.5719698737499974,1.881959012877454,20000,20000
mean,gnina-crystal,onionnet-2,30,284,0.6777612070578707,0.609984672413774,0.7374448816803503,1.7832788300309685,1.6237917053803812,1.9425253945212169,20000,20000
mean,gnina-crystal,onionnet-2,50,284,0.6653501215616885,0.5965949491852839,0.7269134331253468,1.8380343161091348,1.6750722118290862,2.0002009483811083,20000,20000
mean,gnina-crystal,onionnet-2,100,284,0.6521660367827812,0.5811824151019791,0.7160285717075244,1.90258377699635,1.737643866646299,2.0681555102815947,20000,20000
mean,gnina-apo,dynaformer,1,284,0.5737473840691216,0.49053682664074133,0.6494526435164915,1.907587209751191,1.7393975602281206,2.074147017511396,20000,20000
mean,gnina-apo,dynaformer,2,285,0.6127592023564629,0.5410098871973177,0.6787687811702688,1.8398156760507796,1.6824685977731038,1.9968503485544349,20000,20000
mean,gnina-apo,dynaformer,3,285,0.6168270307579202,0.5456399060420926,0.6817147634989169,1.8453565229623088,1.685741611810856,2.0067696131988138,20000,20000
mean,gnina-apo,dynaformer,5,285,0.608487372416782,0.535159620194792,0.6753145088452193,1.8695795638491985,1.7093324512369397,2.029181038352498,20000,20000
mean,gnina-apo,dynaformer,10,285,0.6042696217105061,0.5273964398758014,0.6744747892708992,1.8909195233587535,1.725566560078656,2.054364337816652,20000,20000
mean,gnina-apo,dynaformer,20,285,0.6069990694583822,0.5307079166610277,0.6763614030846299,1.8979501032814121,1.7312327958936042,2.0607341080046027,20000,20000
mean,gnina-apo,dynaformer,30,285,0.6093304169904153,0.5332890264031044,0.6790881169553233,1.898369900127284,1.7322037713461906,2.0619711642933054,20000,20000
mean,gnina-apo,dynaformer,50,285,0.6076597861795531,0.5302803225318313,0.6782769866161423,1.905274821126947,1.7394160917940502,2.0703975534501886,20000,20000
mean,gnina-apo,dynaformer,100,285,0.6078959921959437,0.5306753761930103,0.6789843257438575,1.9127418985987241,1.7450060122114939,2.0800613488872783,20000,20000
mean,gnina-apo,egna,1,284,0.6753521684686489,0.6054125638153931,0.7378559613481981,1.7372228728229302,1.567237044604833,1.905829001059941,20000,20000
mean,gnina-apo,egna,2,285,0.6771190784736748,0.6070162253232642,0.7388071541178418,1.7479239565538134,1.5815791470641816,1.9157551279345293,20000,20000
mean,gnina-apo,egna,3,285,0.6795758732760809,0.6102753466200902,0.7412596511926317,1.7528608640097474,1.5864189901932273,1.920206721605211,20000,20000
mean,gnina-apo,egna,5,285,0.674618218497351,0.6063799701860868,0.7359094502583784,1.7732014975397448,1.608605540167358,1.9389148377858525,20000,20000
mean,gnina-apo,egna,10,285,0.6814354767740004,0.6145970528736,0.7415309313295628,1.7796820117607028,1.6139284679916455,1.9444206817507892,20000,20000
mean,gnina-apo,egna,20,285,0.6866886907025581,0.6215560324355628,0.7448073269435598,1.7843398028848994,1.616820712085084,1.949622317564485,20000,20000
mean,gnina-apo,egna,30,285,0.6969121278757054,0.6345697700810466,0.7525793364122706,1.7713781898281538,1.6090308902634034,1.9324943277386555,20000,20000
mean,gnina-apo,egna,50,285,0.700144702944258,0.6374471717419082,0.7552198290622527,1.7730244299804065,1.6078945235120272,1.9373718128735093,20000,20000
mean,gnina-apo,egna,100,285,0.6994617676140314,0.636843818185185,0.7554258802695035,1.778155210812942,1.6118562350258296,1.943618496114567,20000,20000
mean,gnina-apo,ehign_pla,1,282,0.5473754818934891,0.4606521193813214,0.6260839610521192,2.03086575558558,1.8398908384335626,2.218521048332161,20000,20000
mean,gnina-apo,ehign_pla,2,283,0.575280900056718,0.49466030603257644,0.6482835291689302,2.023019597105141,1.8399239392509175,2.205150181640042,20000,20000
mean,gnina-apo,ehign_pla,3,283,0.5907162901700106,0.51056267653419,0.661598254620378,2.0209823191965626,1.8424837398130547,2.199223055329876,20000,20000
mean,gnina-apo,ehign_pla,5,283,0.5862415337776681,0.5075779430056074,0.6560384083446735,2.0594114251818096,1.882974435417297,2.2343588424313134,20000,20000
mean,gnina-apo,ehign_pla,10,283,0.5740842435545479,0.4927773438220376,0.6466087196071936,2.1293782056074035,1.9490809228083208,2.3053811856112816,20000,20000
mean,gnina-apo,ehign_pla,20,284,0.5565028769549577,0.47393466239632404,0.631545659852015,2.226328023209723,2.0346632446604542,2.41699449476775,20000,20000
mean,gnina-apo,ehign_pla,30,284,0.5695987032390272,0.48970330332877987,0.6416888842121337,2.233625630397674,2.0502995182920336,2.4126809214863263,20000,20000
mean,gnina-apo,ehign_pla,50,284,0.5604371993147426,0.4810705693462673,0.6327343152762445,2.2875405307384957,2.0998310007248726,2.4731553329487594,20000,20000
mean,gnina-apo,ehign_pla,100,284,0.5578055053048735,0.4793895761007413,0.6288009326450713,2.3625940468828777,2.1734879014495805,2.549095301693556,20000,20000
mean,gnina-apo,gign,1,282,0.47983188634547796,0.3841245408348383,0.5683313771500526,2.071613483494965,1.8905186253552315,2.252240071585825,20000,20000
mean,gnina-apo,gign,2,283,0.5377599195766617,0.45223020497612665,0.6173006258336737,2.0077584967208173,1.8308742528943032,2.1823873828765827,20000,20000
mean,gnina-apo,gign,3,283,0.5658132038906044,0.4842353063166478,0.6411488537247169,1.9838276107728514,1.812203426866687,2.1504850536352884,20000,20000
mean,gnina-apo,gign,5,283,0.5471158390394012,0.4642085509834538,0.6231455982711724,2.0295476484840296,1.8584817365384896,2.196371223707236,20000,20000
mean,gnina-apo,gign,10,283,0.5561612229506664,0.4718534518252075,0.631613847110497,2.045393638608259,1.8739671560208075,2.2128080814102775,20000,20000
mean,gnina-apo,gign,20,284,0.5407495445952564,0.45222859712796293,0.6220638372013991,2.1373326220019155,1.9504437830250552,2.3269242568325916,20000,20000
mean,gnina-apo,gign,30,284,0.5550590203567022,0.4733984297147278,0.6302975112494441,2.153102520436705,1.9765044636001692,2.3295473413273515,20000,20000
mean,gnina-apo,gign,50,284,0.5481553169111926,0.4636388960972812,0.626007913297899,2.1890357336143045,2.0108977064232314,2.366360839977917,20000,20000
mean,gnina-apo,gign,100,284,0.5339602451759773,0.44657822361818056,0.6138185575913038,2.2559028122686846,2.0781821231890003,2.4322652463039307,20000,20000
mean,gnina-apo,onionnet-2,1,285,0.5906275927903236,0.5146159668244371,0.6605539230558185,1.904528156069938,1.727913033029658,2.081927130787043,20000,20000
mean,gnina-apo,onionnet-2,2,285,0.6138244592116369,0.5424660826416687,0.679654150754459,1.885065258037876,1.7106869963085607,2.064279607007935,20000,20000
mean,gnina-apo,onionnet-2,3,285,0.607343476151678,0.5355215153734937,0.6732814738495898,1.907340276305708,1.7341277423308947,2.084124285573513,20000,20000
mean,gnina-apo,onionnet-2,5,285,0.6153203484189917,0.5455910159110289,0.6798273160676134,1.912697013662012,1.7394504345279465,2.0864541927443647,20000,20000
mean,gnina-apo,onionnet-2,10,285,0.617268533230788,0.5476706607493724,0.6822272274618829,1.9371597307528683,1.7627549238214746,2.1128258194387577,20000,20000
mean,gnina-apo,onionnet-2,20,285,0.6202042416204705,0.5512900616656671,0.6841813736926391,1.9627519470323564,1.7894963883636732,2.1384954446146893,20000,20000
mean,gnina-apo,onionnet-2,30,285,0.6210730484232503,0.5525254861196619,0.6854711769156736,1.9738772537521125,1.8008226937695186,2.1490931365965857,20000,20000
mean,gnina-apo,onionnet-2,50,285,0.6212827107699305,0.5524985275086836,0.6858590312512981,1.9868433404580517,1.8140713469230376,2.1613229862916903,20000,20000
mean,gnina-apo,onionnet-2,100,285,0.6237540966551256,0.554693193879009,0.6874592544045887,1.9979512210169732,1.825725231487143,2.17227262004817,20000,20000
mean,gnina-af3,dynaformer,1,285,0.4633233167006499,0.3676132696214251,0.5507539858860954,2.197112272338038,2.021490907086072,2.3716303839636086,20000,20000
mean,gnina-af3,dynaformer,2,285,0.5077628323024891,0.4154543995111314,0.5916110154908029,2.1432974525942585,1.9711242975384067,2.311687404545194,20000,20000
mean,gnina-af3,dynaformer,3,285,0.5004782898997062,0.40987822347442626,0.5825537838397115,2.1580494553834053,1.9850226731037959,2.330606170054551,20000,20000
mean,gnina-af3,dynaformer,5,285,0.5128203497940452,0.4248109851626631,0.5925023077976074,2.1542800739954178,1.9792059570361324,2.3276166633108306,20000,20000
mean,gnina-af3,dynaformer,10,285,0.49652091681409516,0.40604952678189427,0.5788536726696532,2.178357151378441,1.9993657105161822,2.356487664471428,20000,20000
mean,gnina-af3,dynaformer,20,285,0.487117211691645,0.39562846983378813,0.5719842898269247,2.1941186779316433,2.015285362032701,2.3712635205246735,20000,20000
mean,gnina-af3,dynaformer,30,285,0.484246799155214,0.3926514547990183,0.5691138351730507,2.203816285926734,2.022463098875739,2.3835868701591254,20000,20000
mean,gnina-af3,dynaformer,50,285,0.48505777136099454,0.39450989223589333,0.5684788109767301,2.205422868051902,2.0252688117756845,2.3838776460768325,20000,20000
mean,gnina-af3,dynaformer,100,285,0.48815616377347465,0.39721219148947046,0.571685916383082,2.202854095141315,2.021415959937292,2.381725245735558,20000,20000
mean,gnina-af3,egna,1,285,0.5894012363022779,0.5090507690734751,0.6610166373929093,1.9888367401441902,1.820463125435248,2.1560234289451667,20000,20000
mean,gnina-af3,egna,2,285,0.6122902092567507,0.5348062197111436,0.6819875082645181,1.9714145558144773,1.7998891023118244,2.1435588086442143,20000,20000
mean,gnina-af3,egna,3,285,0.6092733336964967,0.5339879889029099,0.6784609307132561,1.9796746144120172,1.8064501355787461,2.1540969295407404,20000,20000
mean,gnina-af3,egna,5,285,0.6120235739199844,0.5359478594567504,0.6814604724193193,1.9876013649534736,1.8098651241788213,2.165002283532045,20000,20000
mean,gnina-af3,egna,10,285,0.6079054232855484,0.5302072786741244,0.6793276015646269,2.005932894051692,1.8211832748073271,2.189625918685102,20000,20000
mean,gnina-af3,egna,20,285,0.6048647243265208,0.5247929479041485,0.6775339166102279,2.0181740340302103,1.8301620963857805,2.2037138817532034,20000,20000
mean,gnina-af3,egna,30,285,0.6057989859602528,0.5254431437510014,0.6790887781320951,2.022079588800311,1.8337574479398375,2.208703390777675,20000,20000
mean,gnina-af3,egna,50,285,0.6068668817996398,0.5258652105077035,0.680232447956247,2.025447486833735,1.83597994155568,2.2133620639697527,20000,20000
mean,gnina-af3,egna,100,285,0.6119700788540711,0.5318953735134929,0.684844668671211,2.025330594375893,1.8365452045641093,2.213087397175878,20000,20000
mean,gnina-af3,ehign_pla,1,284,0.5377610795268684,0.4446942249040333,0.6205531562865695,2.2623734815100778,2.056396671146294,2.472642920063561,20000,20000
mean,gnina-af3,ehign_pla,2,284,0.5637605401854794,0.4801834849803796,0.6376381936509853,2.260276404127078,2.062494314036519,2.4590826736476363,20000,20000
mean,gnina-af3,ehign_pla,3,284,0.5663409059385373,0.48572619125465155,0.6392767474048903,2.2677683291232045,2.0713025344312643,2.4625987958981272,20000,20000
mean,gnina-af3,ehign_pla,5,284,0.5672932870098253,0.48700966784545036,0.6399962545292971,2.2828618816466495,2.0882137872282467,2.477141588705355,20000,20000
mean,gnina-af3,ehign_pla,10,284,0.5751240751643502,0.4975780324487734,0.6454158903584202,2.314709942413133,2.1190053088447804,2.508423638821304,20000,20000
mean,gnina-af3,ehign_pla,20,284,0.5518320726626788,0.47133959302202455,0.6251307036375364,2.3600436306728434,2.1622153910711424,2.555092416066693,20000,20000
mean,gnina-af3,ehign_pla,30,284,0.5471828681766873,0.46564531063935666,0.6207952008467799,2.3864109246499243,2.1879418034927274,2.5828212850876797,20000,20000
mean,gnina-af3,ehign_pla,50,284,0.5409006675941137,0.45947182016908894,0.6146711732727753,2.4201279641643616,2.221149225442416,2.6175423950862213,20000,20000
mean,gnina-af3,ehign_pla,100,284,0.5391231327641525,0.45838386656949454,0.6131560324581401,2.469183197914628,2.2708258046042427,2.6656148761199416,20000,20000
mean,gnina-af3,gign,1,284,0.4710330928535892,0.3778119285606751,0.554370210291274,2.2418075468062635,2.054680309709902,2.4295782757847126,20000,20000
mean,gnina-af3,gign,2,284,0.5170968176826325,0.4294307155651421,0.5971353713108268,2.191748169167407,2.0177314847998176,2.3656389480988347,20000,20000
mean,gnina-af3,gign,3,284,0.529076848473326,0.4444729405951963,0.6068043019293752,2.183946755101218,2.01155469481324,2.356717039254781,20000,20000
mean,gnina-af3,gign,5,284,0.516879657534815,0.4334163962174498,0.5936767120430081,2.2171539330931873,2.0464266513892797,2.3880895596391536,20000,20000
mean,gnina-af3,gign,10,284,0.5413385169839287,0.46079675477633136,0.6154090613955664,2.221684781816183,2.046047669201179,2.396649216134206,20000,20000
mean,gnina-af3,gign,20,284,0.5265791822096353,0.4435714728939047,0.6032926826542645,2.2486012237305966,2.0702216166409206,2.4257384301006444,20000,20000
mean,gnina-af3,gign,30,284,0.5119837481737304,0.4276019664119251,0.5896496933917742,2.2732210151118766,2.092820131083019,2.453257292634504,20000,20000
mean,gnina-af3,gign,50,284,0.5051430824782369,0.4215002970444295,0.5827478456997796,2.290764944293349,2.1095460554392202,2.472353071414072,20000,20000
mean,gnina-af3,gign,100,284,0.5012344227381819,0.4180480133563237,0.5784563583918977,2.317464080228911,2.1365415410472823,2.4989832480901066,20000,20000
mean,gnina-af3,onionnet-2,1,285,0.5216699587380191,0.43252882163865775,0.6035842341217388,2.222328263615247,2.0225150659902846,2.4244528911014425,20000,20000
mean,gnina-af3,onionnet-2,2,285,0.5508037775473122,0.4683917481155649,0.6258737469036889,2.214111940776589,2.0204216643077153,2.409116767314247,20000,20000
mean,gnina-af3,onionnet-2,3,285,0.5415813561539319,0.46189463924156193,0.6148966039308436,2.230444834622098,2.0399849135284382,2.4228973848221758,20000,20000
mean,gnina-af3,onionnet-2,5,285,0.5437132370027031,0.4651537252977372,0.6148855358991634,2.2382575388136505,2.0491096157214175,2.4279434751349993,20000,20000
mean,gnina-af3,onionnet-2,10,285,0.5342299358553041,0.4561302933203857,0.6059382136570041,2.263617031955405,2.072055483700704,2.4560881583624052,20000,20000
mean,gnina-af3,onionnet-2,20,285,0.5261915799036438,0.4475394144178561,0.5982596316822015,2.288482235197446,2.0957606943008766,2.4808964772996203,20000,20000
mean,gnina-af3,onionnet-2,30,285,0.5240566048179842,0.4446154278892648,0.597190380424595,2.2992250163947414,2.1054606170590544,2.4933001336472405,20000,20000
mean,gnina-af3,onionnet-2,50,285,0.5208759286216483,0.44122882165295935,0.5945756356797549,2.3107729510012747,2.116921842841306,2.5049086181596554,20000,20000
mean,gnina-af3,onionnet-2,100,285,0.526817529748473,0.4480833048719314,0.599416920839673,2.312395736344369,2.1185611406812246,2.5057367079427646,20000,20000
mean,alphafold3,dynaformer,1,285,0.6595836594482455,0.5933092121504636,0.7204326794921153,1.6396465519596195,1.5019642610326132,1.774238178575108,20000,20000
mean,alphafold3,dynaformer,2,285,0.6611660341587302,0.593951044128671,0.7226297565787793,1.6357212545959547,1.4978580819112401,1.7701936424432831,20000,20000
mean,alphafold3,dynaformer,3,285,0.6701800589074175,0.6038473220365491,0.7298480055357791,1.6186873492856904,1.483403836200706,1.7514618050307165,20000,20000
mean,alphafold3,dynaformer,5,285,0.67829952694087,0.6139756228551787,0.7370522506855327,1.6014694013732724,1.4668305160586663,1.7339199654531199,20000,20000
mean,alphafold3,dynaformer,10,285,0.6776713768058714,0.6117587081819973,0.7371913983621469,1.6039324434882536,1.4691955163947084,1.7370117196259223,20000,20000
mean,alphafold3,dynaformer,20,285,0.6772352262199511,0.6106525560311804,0.7368924355794878,1.605270116698146,1.4702676550525187,1.7376657217846045,20000,20000
mean,alphafold3,dynaformer,30,285,0.6814938694018481,0.6163681206214682,0.7401116285421288,1.5973594538097118,1.4635947175342923,1.7287036606399329,20000,20000
mean,alphafold3,dynaformer,50,285,0.681917365583335,0.6164632622819629,0.7404755735476339,1.597459305861302,1.4625199309099248,1.7300188365901485,20000,20000
mean,alphafold3,dynaformer,100,285,0.6882449119063564,0.623761074589297,0.7457415832502059,1.5881549002746043,1.453615243406944,1.7211538693930788,20000,20000
mean,alphafold3,egna,1,285,0.7165217610630001,0.6384801065861979,0.783662481936573,1.6183332339602838,1.4451386260085746,1.793203484504744,20000,20000
mean,alphafold3,egna,2,285,0.7145515788421231,0.636805753217627,0.7815307647234084,1.6224861527265722,1.4499190585359092,1.7965021117865774,20000,20000
mean,alphafold3,egna,3,285,0.7137611269807198,0.6352725836111859,0.7812193007196511,1.6252122608408799,1.45195780511045,1.799699752158271,20000,20000
mean,alphafold3,egna,5,285,0.7130795177964511,0.6345570005908762,0.7802482151289876,1.6256232704854652,1.4529730137183594,1.800000687370857,20000,20000
mean,alphafold3,egna,10,285,0.7131516148373584,0.6346652029040596,0.7803755271250734,1.623762698719978,1.4513546559344,1.7979299481884763,20000,20000
mean,alphafold3,egna,20,285,0.7107750475764573,0.6318542311850414,0.7783697503249845,1.6276518141390608,1.4560865461118577,1.8017780150527032,20000,20000
mean,alphafold3,egna,30,285,0.7082884138029454,0.6292758950427156,0.7762279805350045,1.632262955156377,1.4609964901637276,1.8065620451878814,20000,20000
mean,alphafold3,egna,50,285,0.7063395911438655,0.6269494143112937,0.7745020167031396,1.6356123567685699,1.4640868911882385,1.8102138862290433,20000,20000
mean,alphafold3,egna,100,285,0.7041489944589582,0.6245504934197972,0.7724538775274512,1.6420596832647434,1.4696628546970276,1.8165761613918165,20000,20000
mean,alphafold3,ehign_pla,1,270,0.7235791782613226,0.6534951968796812,0.7826816969283297,1.5872104060253864,1.4220545795259019,1.7566654448074714,20000,20000
mean,alphafold3,ehign_pla,2,270,0.7311331329675339,0.660998907059103,0.7901436697241901,1.5716309474937737,1.4040188359528465,1.7435813270559148,20000,20000
mean,alphafold3,ehign_pla,3,270,0.7309810522551419,0.6599696813597324,0.790754749419264,1.5755686858195317,1.4056115545262837,1.7503523762385649,20000,20000
mean,alphafold3,ehign_pla,5,270,0.7274088578930484,0.6552693936730033,0.7881441233386626,1.5827037817167964,1.4124812772283828,1.7589689420877446,20000,20000
mean,alphafold3,ehign_pla,10,270,0.7339303166003381,0.6638830261637533,0.7926373046540828,1.5677338698242982,1.4012740092271592,1.741097209771263,20000,20000
mean,alphafold3,ehign_pla,20,270,0.7365268574488124,0.6667473018183854,0.7950475242307868,1.560908170830213,1.3951283291511658,1.7329117328553165,20000,20000
mean,alphafold3,ehign_pla,30,270,0.7364857581735385,0.6659262920337761,0.7954802062129003,1.5628540680328369,1.395429683932596,1.7369047162453817,20000,20000
mean,alphafold3,ehign_pla,50,270,0.7355993115421418,0.6649034260367693,0.7948268874369783,1.5646438626333499,1.3964955802056191,1.7384391692028405,20000,20000
mean,alphafold3,ehign_pla,100,270,0.7326279917082125,0.6619391905576467,0.7917302731664502,1.575691984324642,1.4086291629888745,1.7488779162774242,20000,20000
mean,alphafold3,gign,1,270,0.7115494250854131,0.6419075525824315,0.7729608073872402,1.5573623154715377,1.404283542489817,1.7105036781024028,20000,20000
mean,alphafold3,gign,2,270,0.7209933231690505,0.653421618984641,0.7807507281782129,1.538629166158042,1.3869553645604036,1.688872177713288,20000,20000
mean,alphafold3,gign,3,270,0.7218769640195151,0.6540109375317799,0.7816887704352408,1.536350427526615,1.383469745856607,1.68668412651737,20000,20000
mean,alphafold3,gign,5,270,0.7250030093561032,0.6579434160124269,0.7845177853362562,1.5308872894318566,1.378950678169717,1.6817364184180164,20000,20000
mean,alphafold3,gign,10,270,0.7200663778361369,0.6515552981967502,0.7807285900708361,1.540194421325424,1.3868536689247088,1.6918538131819554,20000,20000
mean,alphafold3,gign,20,270,0.7296351192022988,0.6619483301515396,0.7889750016515792,1.5194563697923642,1.367255487162889,1.6699134581421806,20000,20000
mean,alphafold3,gign,30,270,0.7311630304348373,0.663257832894971,0.7906941801728974,1.5174728387276115,1.3647089439374316,1.669310154517833,20000,20000
mean,alphafold3,gign,50,270,0.7281615781697571,0.6601129238874565,0.7878588079783844,1.5260099887322993,1.3731265341149557,1.67837732614529,20000,20000
mean,alphafold3,gign,100,270,0.7223670622004612,0.6531155559109476,0.7821482845450071,1.5454810658762406,1.3922505005959063,1.697975351664619,20000,20000
mean,alphafold3,onionnet-2,1,285,0.5870685978293083,0.5031755055960744,0.6643241235266638,1.8747097978274332,1.6907950015883606,2.059317441283524,20000,20000
mean,alphafold3,onionnet-2,2,285,0.592285904279151,0.5093459842621383,0.6674303146547513,1.8683890553610567,1.6878552255092494,2.0506689692220514,20000,20000
mean,alphafold3,onionnet-2,3,285,0.5929403295867477,0.509245557413124,0.6697919729100302,1.867729725749511,1.6845457121996454,2.0522610109402257,20000,20000
mean,alphafold3,onionnet-2,5,285,0.5906280243540258,0.5060856187076076,0.6675720067822338,1.8718011501547653,1.6889856459482344,2.056644502630718,20000,20000
mean,alphafold3,onionnet-2,10,285,0.5910488027785228,0.5061217633365279,0.6688251938876753,1.8704605257365354,1.6857044209275376,2.056642282105658,20000,20000
mean,alphafold3,onionnet-2,20,285,0.5915743951131787,0.5058128361286859,0.6698861148544434,1.8684479295896388,1.6835300873858672,2.0550688556783583,20000,20000
mean,alphafold3,onionnet-2,30,285,0.5907056590376042,0.5046832766834108,0.669126429990125,1.8706098457039309,1.684731937622243,2.0578904129360547,20000,20000
mean,alphafold3,onionnet-2,50,285,0.5897608698072168,0.5031248869780367,0.6687390970193897,1.8728815376700543,1.6867200870089245,2.061045086646779,20000,20000
mean,alphafold3,onionnet-2,100,285,0.5837172073376208,0.4961444854949857,0.6640618062917378,1.8847161586195618,1.6968107569659865,2.075195834907056,20000,20000
median,gnina-crystal,dynaformer,1,283,0.7202755241965828,0.66306344705816,0.7722104058985227,1.5043334401078132,1.3906972432690519,1.616213690688436,20000,20000
median,gnina-crystal,dynaformer,2,283,0.7276525832805676,0.6701555314211892,0.7787228285588502,1.4941695902177388,1.3794486664348886,1.6096530174967945,20000,20000
median,gnina-crystal,dynaformer,3,283,0.7241815479425734,0.6665877360818145,0.7746718995177981,1.5030021842086225,1.387201230147136,1.6182967943751694,20000,20000
median,gnina-crystal,dynaformer,5,283,0.7308621997634622,0.6723162759264232,0.7817885578510497,1.4921901874620982,1.3711670725398148,1.6125681758508144,20000,20000
median,gnina-crystal,dynaformer,10,283,0.6964786507770417,0.6324556620546143,0.7527383537245745,1.5679398751493059,1.438853324524692,1.6972892899241467,20000,20000
median,gnina-crystal,dynaformer,20,283,0.6673511659113174,0.596736988274348,0.731083696051366,1.633442010516803,1.492521590798181,1.775645540780042,20000,20000
median,gnina-crystal,dynaformer,30,283,0.6415816960724116,0.5666997414576359,0.7085316368941119,1.6893430845481843,1.5449647148202637,1.835344971284198,20000,20000
median,gnina-crystal,dynaformer,50,283,0.6281169492884067,0.5509588538011417,0.6969105353961551,1.7217007143658876,1.5748415368676825,1.8677844157956893,20000,20000
median,gnina-crystal,dynaformer,100,283,0.60966936528578,0.531910823046643,0.6805974651275621,1.769005527103956,1.622393812055153,1.9141920510845856,20000,20000
median,gnina-crystal,egna,1,283,0.8202880425710031,0.7819239186507964,0.8538284775587417,1.371427514512465,1.2571764524014482,1.4840489840032458,20000,20000
median,gnina-crystal,egna,2,283,0.809376446504071,0.7670764179281571,0.8463447359529088,1.405050173267593,1.2838788264431864,1.525104470576303,20000,20000
median,gnina-crystal,egna,3,283,0.8096665956314111,0.7657734621121903,0.847433711690018,1.3993658015840997,1.2791026619077914,1.5171377380933715,20000,20000
median,gnina-crystal,egna,5,283,0.7973901939075992,0.7505873566924165,0.8380091439449596,1.429521003816788,1.3085102711084038,1.5497930408639906,20000,20000
median,gnina-crystal,egna,10,283,0.7845841001158333,0.734136281339529,0.8284420521132394,1.4801922447006959,1.3545877100460058,1.6051007922704308,20000,20000
median,gnina-crystal,egna,20,283,0.7724246552196616,0.7197916232109183,0.8177558861267251,1.5288283060564039,1.3998487400573136,1.6545509436351595,20000,20000
median,gnina-crystal,egna,30,283,0.7635639053543378,0.709354814310347,0.8107499741390246,1.5600118068321889,1.430583213374395,1.6861111265251962,20000,20000
median,gnina-crystal,egna,50,283,0.7623426091331726,0.7070968668595307,0.8106518471457431,1.5814957472552915,1.4501474778402097,1.7097019531294266,20000,20000
median,gnina-crystal,egna,100,283,0.7529196592747026,0.6965846002868256,0.8025073653875253,1.6275581115156608,1.4962637840123665,1.7554638750184133,20000,20000
median,gnina-crystal,ehign_pla,1,282,0.8240761949935167,0.7847629017361702,0.8588855798610325,1.2645497745553376,1.1546842176424648,1.3740271774188202,20000,20000
median,gnina-crystal,ehign_pla,2,282,0.8268720772933821,0.7874202177682119,0.8612364446873154,1.2775690293687998,1.1716050046499142,1.3793273639708659,20000,20000
median,gnina-crystal,ehign_pla,3,282,0.8216658283046616,0.779540821183342,0.8581795896195924,1.2956852044269636,1.187612563352951,1.4015679708236943,20000,20000
median,gnina-crystal,ehign_pla,5,282,0.8143332419381127,0.7696079488025169,0.8534377800724442,1.3413706006740036,1.2243023632504926,1.4570176468999734,20000,20000
median,gnina-crystal,ehign_pla,10,282,0.783003892253578,0.7267358557803097,0.8308803731599772,1.4826921724552777,1.3397938018785742,1.6310881139467988,20000,20000
median,gnina-crystal,ehign_pla,20,282,0.7426390375891709,0.6813390239860339,0.7968589668232832,1.6498065767055266,1.4912332472637855,1.8140334253713437,20000,20000
median,gnina-crystal,ehign_pla,30,282,0.728512376858211,0.6667991192387217,0.7829233238657084,1.7312309426671648,1.573042174134263,1.891561573729768,20000,20000
median,gnina-crystal,ehign_pla,50,282,0.7132919048573511,0.6487149702347603,0.7703117264211923,1.8229434884386144,1.6617508678748056,1.9858553089966866,20000,20000
median,gnina-crystal,ehign_pla,100,283,0.672760212757066,0.6039791147252559,0.7334693489304424,2.007199935198305,1.837860145414408,2.1724795281054825,20000,20000
median,gnina-crystal,gign,1,282,0.8200573347789085,0.7771662513980776,0.8573558951077843,1.2540648574930744,1.1459900023526448,1.3616005169045937,20000,20000
median,gnina-crystal,gign,2,282,0.8190222516302059,0.7777956871009007,0.8551529821464783,1.2903411095010848,1.1821908906047418,1.3976921522902592,20000,20000
median,gnina-crystal,gign,3,282,0.8167291352170634,0.776740842141577,0.8519162910529955,1.3085496732663027,1.194993721389994,1.421262697974505,20000,20000
median,gnina-crystal,gign,5,282,0.806686550597565,0.7647565473949998,0.8442048641376144,1.3657428607902538,1.2407280363474398,1.4928523280184078,20000,20000
median,gnina-crystal,gign,10,282,0.7602844508192084,0.7051365895479805,0.8097004052012494,1.5304570309364538,1.3839222175762558,1.680888088629062,20000,20000
median,gnina-crystal,gign,20,282,0.7221088436700955,0.6613480360068116,0.7764724334443042,1.6973226759797926,1.5389215642454401,1.8564931320868632,20000,20000
median,gnina-crystal,gign,30,282,0.6999801396012062,0.6363883091860915,0.7573229722761889,1.7905127286312996,1.629219823454879,1.9536118059515155,20000,20000
median,gnina-crystal,gign,50,282,0.6858396359990865,0.6215862681158011,0.7437572657171482,1.8629662046778392,1.7040172592414078,2.020520754618054,20000,20000
median,gnina-crystal,gign,100,283,0.6483132724854372,0.5797583867581694,0.7114564427998024,2.021168743838283,1.8523911145942966,2.1853856296469596,20000,20000
median,gnina-crystal,onionnet-2,1,284,0.7735017098207811,0.7176002682288652,0.8190560764446327,1.4465629277023577,1.3199211363109047,1.575938498217943,20000,20000
median,gnina-crystal,onionnet-2,2,284,0.7689056012027274,0.7140828158907933,0.8142808966681693,1.4740555289624568,1.3419285747491383,1.608800392723445,20000,20000
median,gnina-crystal,onionnet-2,3,284,0.760659962247363,0.7058825134315843,0.8068490189314578,1.4941294364216544,1.3568534478678287,1.6327125385897627,20000,20000
median,gnina-crystal,onionnet-2,5,284,0.7441352227964393,0.6869207129230306,0.7924530741390134,1.5420646760563725,1.4029270344857074,1.6815251323651343,20000,20000
median,gnina-crystal,onionnet-2,10,284,0.7079495256220278,0.6455458768508628,0.7625846137562184,1.6430526325225971,1.4933988196785657,1.7929353943168416,20000,20000
median,gnina-crystal,onionnet-2,20,284,0.6786444881376127,0.6104450707552841,0.7385768653575456,1.7336276872099485,1.5762052002538105,1.8913370180562665,20000,20000
median,gnina-crystal,onionnet-2,30,284,0.6647947720694134,0.5957993183109022,0.7267327112058898,1.7853354068140652,1.625119013530381,1.9463729113627546,20000,20000
median,gnina-crystal,onionnet-2,50,284,0.654010765210333,0.5841907188796603,0.7169830654926628,1.8367835004383055,1.6729145323755186,2.0002260847156346,20000,20000
median,gnina-crystal,onionnet-2,100,284,0.6350558585671526,0.56234992193984,0.7006395659967907,1.9188228275828827,1.750967845644921,2.0873730024046324,20000,20000
median,gnina-apo,dynaformer,1,284,0.5737473840691216,0.49053682664074133,0.6494526435164915,1.907587209751191,1.7393975602281206,2.074147017511396,20000,20000
median,gnina-apo,dynaformer,2,285,0.6127592023564629,0.5410098871973177,0.6787687811702688,1.8398156760507796,1.6824685977731038,1.9968503485544349,20000,20000
median,gnina-apo,dynaformer,3,285,0.6065877024183969,0.5351854528115599,0.6720559603041443,1.8574416678496277,1.6993594427670657,2.0141028298873245,20000,20000
median,gnina-apo,dynaformer,5,285,0.5928899145506153,0.5161916834854455,0.6626419371744611,1.8905790926251762,1.7295364634081694,2.0527678436240198,20000,20000
median,gnina-apo,dynaformer,10,285,0.5984629812851717,0.5218202093508241,0.669054970697372,1.8997543013572173,1.7331306321531819,2.0637884868425345,20000,20000
median,gnina-apo,dynaformer,20,285,0.5981460572071329,0.5206108299541772,0.6694810363609398,1.9099893376601962,1.7425145319267368,2.0739462028764915,20000,20000
median,gnina-apo,dynaformer,30,285,0.5979271326254928,0.5194233475107364,0.670594629415454,1.913164733680811,1.7439195900747897,2.079213720382906,20000,20000
median,gnina-apo,dynaformer,50,285,0.5951876593579231,0.5146849645303091,0.6683617847760825,1.9213850366242486,1.7534897878026403,2.0876015271228336,20000,20000
median,gnina-apo,dynaformer,100,285,0.5916128763573967,0.5120473826014755,0.6647949416240936,1.9350807117971482,1.766165036835888,2.103356353344766,20000,20000
median,gnina-apo,egna,1,284,0.6753521684686489,0.6054125638153931,0.7378559613481981,1.7372228728229302,1.567237044604833,1.905829001059941,20000,20000
median,gnina-apo,egna,2,285,0.6771190784736748,0.6070162253232642,0.7388071541178418,1.7479239565538134,1.5815791470641816,1.9157551279345293,20000,20000
median,gnina-apo,egna,3,285,0.6726453870033308,0.60230974627536,0.7352241900826361,1.755699290880987,1.590640450827303,1.921326545063924,20000,20000
median,gnina-apo,egna,5,285,0.6690613445362316,0.6000245545015706,0.7304703462284277,1.7764112501964633,1.6111879273445835,1.9406690150245154,20000,20000
median,gnina-apo,egna,10,285,0.6703762508522377,0.6007420101972698,0.7326716704282527,1.7964420733235509,1.62979808376819,1.9605981951676728,20000,20000
median,gnina-apo,egna,20,285,0.6788153713035211,0.6128866860624382,0.7386253689383512,1.7967845061118233,1.6275896146778828,1.962665677425187,20000,20000
median,gnina-apo,egna,30,285,0.6847921771858436,0.6197744068453785,0.7436351711451451,1.788893095959602,1.6208663360880324,1.9544308320307386,20000,20000
median,gnina-apo,egna,50,285,0.6923213404623678,0.6278706013993032,0.7500032568346261,1.7843912176268577,1.6172820305946831,1.949646875785903,20000,20000
median,gnina-apo,egna,100,285,0.69610587995612,0.6317382351701814,0.7532830563136005,1.7862111965264609,1.617078142548509,1.953389931851863,20000,20000
median,gnina-apo,ehign_pla,1,282,0.5473754818934891,0.4606521193813214,0.6260839610521192,2.03086575558558,1.8398908384335626,2.218521048332161,20000,20000
median,gnina-apo,ehign_pla,2,283,0.575280900056718,0.49466030603257644,0.6482835291689302,2.023019597105141,1.8399239392509175,2.205150181640042,20000,20000
median,gnina-apo,ehign_pla,3,283,0.5729312044795041,0.48984071396103696,0.6470432792643324,2.028411831319785,1.8473032461830747,2.209477181081917,20000,20000
median,gnina-apo,ehign_pla,5,283,0.5703970562895867,0.4911407488590265,0.641791918016295,2.075563194793328,1.8988242609333938,2.25021131630884,20000,20000
median,gnina-apo,ehign_pla,10,283,0.5584436204545811,0.47489089557536485,0.632546981528267,2.151445927175389,1.9692255301037591,2.3301910872531697,20000,20000
median,gnina-apo,ehign_pla,20,284,0.5440613932563372,0.46046950995622565,0.6198016006852325,2.246296713242211,2.0533019401456305,2.437770790366144,20000,20000
median,gnina-apo,ehign_pla,30,284,0.5562483503014056,0.4757866908106228,0.6290836430850758,2.253885221424004,2.067005041520444,2.4397204253911777,20000,20000
median,gnina-apo,ehign_pla,50,284,0.5487767907768604,0.4673924453329204,0.6228431289304179,2.3074062749207043,2.1165672108421627,2.497736570802306,20000,20000
median,gnina-apo,ehign_pla,100,284,0.5503511153245186,0.4720533445417784,0.6217593963039328,2.382010240797636,2.1909116192473936,2.570255365481279,20000,20000
median,gnina-apo,gign,1,282,0.47983188634547796,0.3841245408348383,0.5683313771500526,2.071613483494965,1.8905186253552315,2.252240071585825,20000,20000
median,gnina-apo,gign,2,283,0.5377599195766617,0.45223020497612665,0.6173006258336737,2.0077584967208173,1.8308742528943032,2.1823873828765827,20000,20000
median,gnina-apo,gign,3,283,0.5372666183933552,0.451049764028441,0.6177701237953256,2.0201656961312944,1.8427820538104054,2.194553099568835,20000,20000
median,gnina-apo,gign,5,283,0.5259198587179561,0.4429452792283158,0.6035227586829968,2.0562118553556292,1.8826421856702864,2.2266745335044944,20000,20000
median,gnina-apo,gign,10,283,0.5343357630587037,0.4506963976935093,0.6106233098925378,2.0780147116643493,1.904368180088468,2.2474918111371447,20000,20000
median,gnina-apo,gign,20,284,0.5266708139939559,0.4397175756611865,0.6083347606410817,2.1647769964710553,1.9757636300310855,2.355009137148107,20000,20000
median,gnina-apo,gign,30,284,0.5381876375745916,0.45571414886978173,0.6142413889946623,2.181998069323924,2.001692894656788,2.3609869398745396,20000,20000
median,gnina-apo,gign,50,284,0.5320794136569694,0.44752272418241507,0.6102832629404378,2.2138565999449056,2.0324632492757924,2.3936318377186105,20000,20000
median,gnina-apo,gign,100,284,0.5227446045656506,0.4344600689251051,0.6030956334474687,2.280312493754916,2.1003164902672213,2.459186035127784,20000,20000
median,gnina-apo,onionnet-2,1,285,0.5906275927903236,0.5146159668244371,0.6605539230558185,1.904528156069938,1.727913033029658,2.081927130787043,20000,20000
median,gnina-apo,onionnet-2,2,285,0.6138244592116369,0.5424660826416687,0.679654150754459,1.885065258037876,1.7106869963085607,2.064279607007935,20000,20000
median,gnina-apo,onionnet-2,3,285,0.5884328384074473,0.5140387335560199,0.6568787955629832,1.9332375075132753,1.7612908996021401,2.1079880076301216,20000,20000
median,gnina-apo,onionnet-2,5,285,0.5959832341132323,0.5231920552173315,0.6632910054164493,1.9318594976879186,1.7585053424750474,2.1064846232520447,20000,20000
median,gnina-apo,onionnet-2,10,285,0.5992251596831036,0.5262431502044032,0.6670286453418716,1.9581337002069,1.7805852586931696,2.137218714802141,20000,20000
median,gnina-apo,onionnet-2,20,285,0.6110618733716232,0.5408005949880124,0.6772579632072304,1.9698568870205024,1.7922188659511946,2.1488435703409685,20000,20000
median,gnina-apo,onionnet-2,30,285,0.6121072823003324,0.5420595624677259,0.6777111140645189,1.9805887312756632,1.8042089218112705,2.1588038611174367,20000,20000
median,gnina-apo,onionnet-2,50,285,0.6113151722662685,0.5410821001868543,0.6771662691500795,1.994687314850705,1.8197249052717512,2.17070473898677,20000,20000
median,gnina-apo,onionnet-2,100,285,0.615040717880472,0.5449733058384716,0.6798844931575423,2.0026418757174715,1.8282355897005291,2.1777877551831435,20000,20000
median,gnina-af3,dynaformer,1,285,0.4633233167006499,0.3676132696214251,0.5507539858860954,2.197112272338038,2.021490907086072,2.3716303839636086,20000,20000
median,gnina-af3,dynaformer,2,285,0.5077628323024891,0.4154543995111314,0.5916110154908029,2.1432974525942585,1.9711242975384067,2.311687404545194,20000,20000
median,gnina-af3,dynaformer,3,285,0.47579997245479205,0.3806726117510811,0.5640076163520917,2.2043710433742643,2.0259835073078736,2.383705820109513,20000,20000
median,gnina-af3,dynaformer,5,285,0.4928897621942152,0.40082654691308295,0.5761917011327689,2.179989294347722,2.0039328240073653,2.3535714869867403,20000,20000
median,gnina-af3,dynaformer,10,285,0.4778325387651173,0.38512124977547874,0.562514214596947,2.220621789969772,2.037945314002598,2.4032628925617825,20000,20000
median,gnina-af3,dynaformer,20,285,0.46708596245037204,0.3739572179535513,0.5535318252450092,2.229491344120012,2.0461426462268046,2.4116750719158513,20000,20000
median,gnina-af3,dynaformer,30,285,0.46681927693874753,0.3731514197174076,0.5530018459940961,2.236200477959222,2.0521951492015176,2.4202436788887107,20000,20000
median,gnina-af3,dynaformer,50,285,0.46727450201719,0.3746417825967707,0.552533972820366,2.2370730738966254,2.052868643081765,2.4197643711184935,20000,20000
median,gnina-af3,dynaformer,100,285,0.46686127966550445,0.3749587901095056,0.5524697473343839,2.2391427651997273,2.053386743992017,2.4222669168044444,20000,20000
median,gnina-af3,egna,1,285,0.5894012363022779,0.5090507690734751,0.6610166373929093,1.9888367401441902,1.820463125435248,2.1560234289451667,20000,20000
median,gnina-af3,egna,2,285,0.6122902092567507,0.5348062197111436,0.6819875082645181,1.9714145558144773,1.7998891023118244,2.1435588086442143,20000,20000
median,gnina-af3,egna,3,285,0.6014763859819373,0.525862744244423,0.6711126476574487,1.9886117876813623,1.8124023482374632,2.16294941783138,20000,20000
median,gnina-af3,egna,5,285,0.6031999643453612,0.5275740052063286,0.6729757739127387,1.9992079133251137,1.822518317312416,2.176403324047547,20000,20000
median,gnina-af3,egna,10,285,0.5946970519654621,0.5148586919895846,0.6676284022645887,2.021801133781808,1.834098665901506,2.2101896134003702,20000,20000
median,gnina-af3,egna,20,285,0.5968554504488076,0.5157222976943348,0.671130157988702,2.0289509431784105,1.8384774104123385,2.218855441261813,20000,20000
median,gnina-af3,egna,30,285,0.5998590881334004,0.5180280593173281,0.674351033443694,2.02759714328034,1.837089953040189,2.217520579313884,20000,20000
median,gnina-af3,egna,50,285,0.6017213248187075,0.5198369713033786,0.6762362032051087,2.0285594015492956,1.8374369883535306,2.218083788538898,20000,20000
median,gnina-af3,egna,100,285,0.6084924580825248,0.5270945026464874,0.6821393734747948,2.0248454565242797,1.833814664268668,2.2145852741266134,20000,20000
median,gnina-af3,ehign_pla,1,284,0.5377610795268684,0.4446942249040333,0.6205531562865695,2.2623734815100778,2.056396671146294,2.472642920063561,20000,20000
median,gnina-af3,ehign_pla,2,284,0.5637605401854794,0.4801834849803796,0.6376381936509853,2.260276404127078,2.062494314036519,2.4590826736476363,20000,20000
median,gnina-af3,ehign_pla,3,284,0.5597800750915881,0.47855656770723565,0.6343262322694674,2.282325934160054,2.084908785288429,2.4801761318361795,20000,20000
median,gnina-af3,ehign_pla,5,284,0.5632346837575044,0.4821197916137398,0.6371286134879129,2.298997375152017,2.100667092270151,2.496020347509893,20000,20000
median,gnina-af3,ehign_pla,10,284,0.5592510001822627,0.4776525010944809,0.6333882511938155,2.3331365351360387,2.129719011118201,2.5344238252424502,20000,20000
median,gnina-af3,ehign_pla,20,284,0.5405704322147292,0.4574586336146029,0.6164216095560006,2.377388880821524,2.1740625192811587,2.578728904010632,20000,20000
median,gnina-af3,ehign_pla,30,284,0.5420570699408351,0.4591578943974101,0.6169187602304018,2.397624911333262,2.195636310451751,2.5983501531573445,20000,20000
median,gnina-af3,ehign_pla,50,284,0.5315083182516267,0.4489825357232248,0.6064914261328807,2.4320084845353223,2.230039100277686,2.6316218823484565,20000,20000
median,gnina-af3,ehign_pla,100,284,0.5315376383265807,0.4498088084767072,0.6066214690757258,2.474037884104152,2.2738837463240977,2.6734962435308276,20000,20000
median,gnina-af3,gign,1,284,0.4710330928535892,0.3778119285606751,0.554370210291274,2.2418075468062635,2.054680309709902,2.4295782757847126,20000,20000
median,gnina-af3,gign,2,284,0.5170968176826325,0.4294307155651421,0.5971353713108268,2.191748169167407,2.0177314847998176,2.3656389480988347,20000,20000
median,gnina-af3,gign,3,284,0.49382592506964157,0.40429689571390676,0.576218452325278,2.2472451728587326,2.0655343176380874,2.4307528747355582,20000,20000
median,gnina-af3,gign,5,284,0.48520391697659593,0.40090481863514577,0.5618339202527237,2.2565465512483764,2.0804067966195827,2.431909172866511,20000,20000
median,gnina-af3,gign,10,284,0.5103246764245073,0.4271847376205186,0.5862650520794963,2.2569352588361444,2.073924224926563,2.4387364075504965,20000,20000
median,gnina-af3,gign,20,284,0.505005020261306,0.4192736897777413,0.583735544812549,2.264765918694253,2.0825914397491783,2.4467047765557175,20000,20000
median,gnina-af3,gign,30,284,0.4892953628972125,0.40514184964739675,0.5672859810775056,2.2875497286386346,2.104184601184276,2.470774991372442,20000,20000
median,gnina-af3,gign,50,284,0.4837165001546091,0.39849929551464,0.5631523076113658,2.3092139887299545,2.125235875077704,2.494586738759698,20000,20000
median,gnina-af3,gign,100,284,0.4874556147429724,0.4035840699682892,0.5654479000048177,2.3335577922844917,2.149914719463065,2.5186889499269074,20000,20000
median,gnina-af3,onionnet-2,1,285,0.5216699587380191,0.43252882163865775,0.6035842341217388,2.222328263615247,2.0225150659902846,2.4244528911014425,20000,20000
median,gnina-af3,onionnet-2,2,285,0.5508037775473122,0.4683917481155649,0.6258737469036889,2.214111940776589,2.0204216643077153,2.409116767314247,20000,20000
median,gnina-af3,onionnet-2,3,285,0.5343249078694366,0.45046990509894524,0.6114179651246731,2.238066617997885,2.043759327377625,2.4317751660393103,20000,20000
median,gnina-af3,onionnet-2,5,285,0.520521928250444,0.43758444743741826,0.595972609946844,2.2627275766672676,2.0674414153758787,2.457639578877085,20000,20000
median,gnina-af3,onionnet-2,10,285,0.5099440597365303,0.42667270509676586,0.5862572897363586,2.289671917722497,2.0917449485425195,2.4884280433100465,20000,20000
median,gnina-af3,onionnet-2,20,285,0.5148566852119726,0.4324998780790084,0.5898341004512195,2.3018513003533907,2.104733489442246,2.5002705259692863,20000,20000
median,gnina-af3,onionnet-2,30,285,0.5149525887088201,0.43284991274185514,0.5901597470454042,2.3100459863084217,2.113224984605283,2.5084477136306162,20000,20000
median,gnina-af3,onionnet-2,50,285,0.5144571178946769,0.43275415470068224,0.58961273147538,2.3185862715108523,2.1212868815363755,2.5161208173555107,20000,20000
median,gnina-af3,onionnet-2,100,285,0.5195586185766283,0.4395664697948366,0.592977894840774,2.3191595141570716,2.1231614869841087,2.514980768668845,20000,20000
median,alphafold3,dynaformer,1,285,0.6595836594482455,0.5933092121504636,0.7204326794921153,1.6396465519596195,1.5019642610326132,1.774238178575108,20000,20000
median,alphafold3,dynaformer,2,285,0.6611660341587302,0.593951044128671,0.7226297565787793,1.6357212545959547,1.4978580819112401,1.7701936424432831,20000,20000
median,alphafold3,dynaformer,3,285,0.6723918534553018,0.6082884777995636,0.7311309447260538,1.6159517043074418,1.4835486814024432,1.7471263055248054,20000,20000
median,alphafold3,dynaformer,5,285,0.6684622428785959,0.6045924551175295,0.7270519123228567,1.6211055186309606,1.486677435711447,1.7526358443373455,20000,20000
median,alphafold3,dynaformer,10,285,0.6709132003768777,0.6051261068528165,0.7307110386216249,1.6173109096820955,1.482842433201102,1.7496680017914166,20000,20000
median,alphafold3,dynaformer,20,285,0.6695836181385145,0.6039769732853433,0.7294723703391692,1.6198223972048142,1.4836839831638666,1.7539515388558067,20000,20000
median,alphafold3,dynaformer,30,285,0.6726387257567983,0.6070537825388367,0.7319346450098677,1.6131308940050406,1.4787775863995272,1.745724321501402,20000,20000
median,alphafold3,dynaformer,50,285,0.6723882509790053,0.6062254256223667,0.7324024679634946,1.6151257784136819,1.4772068058073426,1.7503389435134922,20000,20000
median,alphafold3,dynaformer,100,285,0.6753877492385927,0.609962410873609,0.7344537371617554,1.6123476449356093,1.4744320663288115,1.7488609820478394,20000,20000
median,alphafold3,egna,1,285,0.7165217610630001,0.6384801065861979,0.783662481936573,1.6183332339602838,1.4451386260085746,1.793203484504744,20000,20000
median,alphafold3,egna,2,285,0.7145515788421231,0.636805753217627,0.7815307647234084,1.6224861527265722,1.4499190585359092,1.7965021117865774,20000,20000
median,alphafold3,egna,3,285,0.7142593031140378,0.6361054708902727,0.781215311712396,1.6253755301575965,1.453362561872578,1.7996950594524121,20000,20000
median,alphafold3,egna,5,285,0.7130414123275611,0.634058741652622,0.7803161546675926,1.625832688140007,1.4535199317208116,1.800542483872032,20000,20000
median,alphafold3,egna,10,285,0.7122135659298636,0.6338126536718517,0.7795251244294545,1.6249815113658068,1.4526413193281664,1.7990071627645476,20000,20000
median,alphafold3,egna,20,285,0.7088524984568055,0.6298463885251688,0.7764176389785563,1.6299284776042362,1.4583279823342683,1.8042762393274498,20000,20000
median,alphafold3,egna,30,285,0.7051909115543012,0.6257460354647397,0.7732198074097433,1.6359139566872736,1.4652394279196426,1.8100178969496796,20000,20000
median,alphafold3,egna,50,285,0.7042443093797893,0.6245955820269601,0.7725465579306506,1.6384427244806299,1.4681567151757606,1.8128259603914967,20000,20000
median,alphafold3,egna,100,285,0.7022058870937419,0.6227620021949528,0.770800486195074,1.644146288364834,1.4721273140903963,1.8182193023882074,20000,20000
median,alphafold3,ehign_pla,1,270,0.7235791782613226,0.6534951968796812,0.7826816969283297,1.5872104060253864,1.4220545795259019,1.7566654448074714,20000,20000
median,alphafold3,ehign_pla,2,270,0.7311331329675339,0.660998907059103,0.7901436697241901,1.5716309474937737,1.4040188359528465,1.7435813270559148,20000,20000
median,alphafold3,ehign_pla,3,270,0.731056195233614,0.6592998789580895,0.7915391927039572,1.5731513887749549,1.4013627974538188,1.7495365656872306,20000,20000
median,alphafold3,ehign_pla,5,270,0.7234284426899587,0.6513855787941932,0.7846561477812642,1.5922365675239682,1.4179948623269598,1.769994665023446,20000,20000
median,alphafold3,ehign_pla,10,270,0.730622689181809,0.6593282119259496,0.7906814150380937,1.574324425040305,1.4042364672751408,1.7493425812284173,20000,20000
median,alphafold3,ehign_pla,20,270,0.7361904753895995,0.6657385646528374,0.794975985119811,1.561000696715767,1.3937624420779415,1.7340890311085935,20000,20000
median,alphafold3,ehign_pla,30,270,0.736110564859603,0.6647997099969,0.7954033798953208,1.562984625701165,1.394080865757483,1.7380493904660765,20000,20000
median,alphafold3,ehign_pla,50,270,0.7313422812420955,0.659608913180314,0.7912707220600746,1.5728799523579817,1.4034483575081178,1.7484434375681612,20000,20000
median,alphafold3,ehign_pla,100,270,0.7306886762244261,0.6583315604000595,0.7907489157906413,1.577845018528424,1.4093234542419744,1.7530943138328745,20000,20000
median,alphafold3,gign,1,270,0.7115494250854131,0.6419075525824315,0.7729608073872402,1.5573623154715377,1.404283542489817,1.7105036781024028,20000,20000
median,alphafold3,gign,2,270,0.7209933231690505,0.653421618984641,0.7807507281782129,1.538629166158042,1.3869553645604036,1.688872177713288,20000,20000
median,alphafold3,gign,3,270,0.7147500940855196,0.6437801923419496,0.7773913278452397,1.5517538239478992,1.3926585383187253,1.7074827715447813,20000,20000
median,alphafold3,gign,5,270,0.7158089315049553,0.6465884374161728,0.7778245218490583,1.5485314627972964,1.3923869520735217,1.7026431506928104,20000,20000
median,alphafold3,gign,10,270,0.7140317499623049,0.6442569196908986,0.7758348482833465,1.553432532958081,1.3972587399790148,1.708181911614763,20000,20000
median,alphafold3,gign,20,270,0.7236869849477292,0.6552379374271994,0.7843083196023254,1.5329347490868708,1.3782460279569544,1.685430702171803,20000,20000
median,alphafold3,gign,30,270,0.725647148356119,0.6566663718527993,0.7867192118113105,1.5296924966685712,1.3737920419514613,1.684943979679986,20000,20000
median,alphafold3,gign,50,270,0.7234350638676,0.6537115684682486,0.7847327788234644,1.5366837134289462,1.380616850532234,1.6915214306793251,20000,20000
median,alphafold3,gign,100,270,0.7146729797270803,0.6433929449888451,0.776493220021464,1.562214882207433,1.4051747518425577,1.719527568633412,20000,20000
median,alphafold3,onionnet-2,1,285,0.5870685978293083,0.5031755055960744,0.6643241235266638,1.8747097978274332,1.6907950015883606,2.059317441283524,20000,20000
median,alphafold3,onionnet-2,2,285,0.592285904279151,0.5093459842621383,0.6674303146547513,1.8683890553610567,1.6878552255092494,2.0506689692220514,20000,20000
median,alphafold3,onionnet-2,3,285,0.589715108104523,0.5056485496821234,0.666784356818408,1.8704418108911662,1.6872043426258667,2.0551980226926574,20000,20000
median,alphafold3,onionnet-2,5,285,0.5875429448878775,0.5031387195408101,0.6642896810494295,1.8767484009934785,1.6940107035444278,2.0612249769751747,20000,20000
median,alphafold3,onionnet-2,10,285,0.5889003262802712,0.503540454342313,0.6670655178404908,1.8725196499870753,1.686891670994413,2.059323681491453,20000,20000
median,alphafold3,onionnet-2,20,285,0.5906004933490412,0.5045119914245308,0.6691722990551799,1.869816148648207,1.6847229609322503,2.056789958296579,20000,20000
median,alphafold3,onionnet-2,30,285,0.5894962366237849,0.5032128656234336,0.6682263437523683,1.872539989416758,1.6867055361198395,2.06025595500869,20000,20000
median,alphafold3,onionnet-2,50,285,0.5908039144547766,0.5041720576777909,0.6696674260004972,1.87097972916762,1.6851866072269093,2.0587661464610503,20000,20000
median,alphafold3,onionnet-2,100,285,0.5797210095382518,0.4902982905860631,0.6618732106912426,1.8908545341825207,1.7002065097431092,2.0832020567180893,20000,20000
